input,output
âœˆï¸ ğŸ§³ ğŸï¸ ğŸŠ ğŸ¥¥ ğŸ˜´,Fly with bags to island swim eat coconut and sleep
âœˆï¸ ğŸ§³ ğŸï¸ ğŸŠ ğŸ¥¥ ğŸ˜´,Board plane pack luggage reach beach swim drink coconut milk nap
ğŸ¤µ ğŸ‘— ğŸ· ğŸœ ğŸµ ğŸ’,Man in suit and woman in dress drink wine eat noodles listen to music get engaged
ğŸ¤µ ğŸ‘— ğŸ· ğŸœ ğŸµ ğŸ’,Formal dinner date with wine pasta and music leading to proposal
ğŸ›Œ â˜€ï¸ ğŸ§¼ ğŸ¦· ğŸ¥› ğŸ³,Wake up with sun wash with soap brush teeth drink milk eat egg
ğŸ›Œ â˜€ï¸ ğŸ§¼ ğŸ¦· ğŸ¥› ğŸ³,Morning routine sun rising shower brush teeth breakfast with milk and egg
ğŸ‹ï¸ ğŸ’ª ğŸ¤¸ ğŸ§¼ ğŸ¥¤ ğŸ¥—,Lift weights build muscle do gymnastics wash off drink soda eat salad
ğŸ‹ï¸ ğŸ’ª ğŸ¤¸ ğŸ§¼ ğŸ¥¤ ğŸ¥—,Workout for muscles tumble clean up hydrate with cup have salad
ğŸš— â›°ï¸ ğŸ”¥ ğŸ– ğŸŒƒ ğŸ˜´,Drive to mountain make fire cook meat at night sleep
ğŸš— â›°ï¸ ğŸ”¥ ğŸ– ğŸŒƒ ğŸ˜´,Road trip to hills campfire roast steak starry night rest
ğŸš— ğŸ« ğŸ’¼ ğŸ“– ğŸ¨ ğŸ§ ,Drive to school take bag read book paint art use brain
ğŸš— ğŸ« ğŸ’¼ ğŸ“– ğŸ¨ ğŸ§ ,Go to school carry briefcase study text make art learn
ğŸ¤¢ ğŸ¤’ ğŸ© ğŸ’Š ğŸ›Œ ğŸ¥£,Feel sick and feverish go to hospital take pill rest in bed eat soup
ğŸ¤¢ ğŸ¤’ ğŸ© ğŸ’Š ğŸ›Œ ğŸ¥£,Nauseous with temperature visit clinic medicine bed rest and broth
ğŸ¡ ğŸŒ¿ ğŸŒ· ğŸŒ§ï¸ â˜€ï¸ ğŸ,Home garden plants flowers needs rain and sun to grow apples
ğŸ¡ ğŸŒ¿ ğŸŒ· ğŸŒ§ï¸ â˜€ï¸ ğŸ,At house green plants and tulips get rain and sun producing fruit
ğŸš— ğŸ¬ ğŸ‘— ğŸ‘  ğŸ’µ ğŸ,Drive to mall buy dress and shoes pay cash get gift
ğŸš— ğŸ¬ ğŸ‘— ğŸ‘  ğŸ’µ ğŸ,Go to store purchase gown and heels with money for present
ğŸ§ ğŸ”¥ ğŸ ğŸ¥³ ğŸµ ğŸ¥¨,Cupcake with candle gift party music and snacks
ğŸ§ ğŸ”¥ ğŸ ğŸ¥³ ğŸµ ğŸ¥¨,Birthday cake lit fire present celebration songs and pretzels
ğŸš— ğŸŒŠ ğŸï¸ ğŸ‘š ğŸ§Š ğŸŸ,Drive to ocean island wear shirt use ice for fish
ğŸš— ğŸŒŠ ğŸï¸ ğŸ‘š ğŸ§Š ğŸŸ,Travel to sea coast clothes cool down catch fish
ğŸ  ğŸ’º ğŸ“º ğŸŒ½ ğŸ¥¤ ğŸ˜´,At home sit on chair watch tv eat corn drink cup sleep
ğŸ  ğŸ’º ğŸ“º ğŸŒ½ ğŸ¥¤ ğŸ˜´,House relax on seat view screen snack on popcorn sip drink nap
ğŸ™ï¸ ğŸ¥ ğŸƒ ğŸ¥… ğŸ”Š ğŸ’¯,In city play ball run to goal loud sound perfect score
ğŸ™ï¸ ğŸ¥ ğŸƒ ğŸ¥… ğŸ”Š ğŸ’¯,Urban stadium softball match sprint to net noise win
ğŸš£ ğŸŸ ğŸŒŠ â˜ï¸ ğŸ¥ª ğŸº,Row boat catch fish on waves under clouds eat sandwich drink beer
ğŸš£ ğŸŸ ğŸŒŠ â˜ï¸ ğŸ¥ª ğŸº,Boating for fishing choppy water cloudy sky lunch and brew
ğŸ¤µ ğŸ‘° ğŸ’ ğŸ¡ ğŸ¥‚ ğŸ§,Groom and bride exchange rings at house cheers with cake
ğŸ¤µ ğŸ‘° ğŸ’ ğŸ¡ ğŸ¥‚ ğŸ§,Wedding couple marry home reception toast and dessert
ğŸ‘ ğŸ’¼ â›°ï¸ ğŸ—ºï¸ ğŸ» ğŸ˜±,Put on shoes take bag hike mountain check map see bear scream
ğŸ‘ ğŸ’¼ â›°ï¸ ğŸ—ºï¸ ğŸ» ğŸ˜±,Hiking boots and backpack climb peak read map encounter bear panic
ğŸ  ğŸ§¹ ğŸ§½ ğŸ§¼ ğŸ§º âœ¨,Clean house sweep scrub with soap laundry basket sparkle
ğŸ  ğŸ§¹ ğŸ§½ ğŸ§¼ ğŸ§º âœ¨,Home chores broom sponge wash clothes bin shine
ğŸ•°ï¸ ğŸƒ ğŸš‰ ğŸš† ğŸ¢ ğŸ’¼,Check time run to station catch train go to office work
ğŸ•°ï¸ ğŸƒ ğŸš‰ ğŸš† ğŸ¢ ğŸ’¼,Late for work sprint to subway commute to building with briefcase
ğŸ¨ ğŸ§· ğŸ‘© ğŸ“œ ğŸ¬ ğŸ’¸,Artist pins work woman reads scroll shop pays money
ğŸ¨ ğŸ§· ğŸ‘© ğŸ“œ ğŸ¬ ğŸ’¸,Paint palette pin up woman sells art at store for money
ğŸ¤• ğŸ© âš•ï¸ ğŸ”¬ ğŸ§ª ğŸ§,Head bandage hospital doctor microscope test tube treat with cupcake
ğŸ¤• ğŸ© âš•ï¸ ğŸ”¬ ğŸ§ª ğŸ§,Injured visit clinic medical staff lab research sweet recovery
ğŸ¦¹ ğŸ’£ ğŸƒ âš–ï¸ ğŸ”— ğŸ¢,Villain plants bomb runs away justice chains jail
ğŸ¦¹ ğŸ’£ ğŸƒ âš–ï¸ ğŸ”— ğŸ¢,Criminal explosive flee court handcuffs prison
ğŸ”¥ ğŸ  ğŸš’ ğŸ‘¨ ğŸŒŠ ğŸ§—,Fire at house truck comes man sprays water climbs ladder
ğŸ”¥ ğŸ  ğŸš’ ğŸ‘¨ ğŸŒŠ ğŸ§—,Burning home firetruck arrives firefighter douses water scales wall
ğŸš€ ğŸŒ˜ ğŸ¤– ğŸŒ ğŸ’¥ ğŸ”¬,Rocket to moon robot looks at earth crash science
ğŸš€ ğŸŒ˜ ğŸ¤– ğŸŒ ğŸ’¥ ğŸ”¬,Space shuttle lunar landing bot views planet explosion experiment
ğŸ“„ ğŸ¦ ğŸ¦’ ğŸ¦“ ğŸ¦™ ğŸ¤³,Read guide see lion giraffe zebra llama take selfie
ğŸ“„ ğŸ¦ ğŸ¦’ ğŸ¦“ ğŸ¦™ ğŸ¤³,Zoo brochure view wild animals safari animals photo
ğŸ‘¨ â›ï¸ ğŸ”§ ğŸšš ğŸ  ğŸ’µ,Man uses pick and wrench truck builds house gets paid
ğŸ‘¨ â›ï¸ ğŸ”§ ğŸšš ğŸ  ğŸ’µ,Worker tools dig fix transport construction earn cash
ğŸ‘© ğŸ³ ğŸ¥š ğŸ¥› ğŸŒ¾ ğŸ,Woman cooks egg and milk with grain to make bread
ğŸ‘© ğŸ³ ğŸ¥š ğŸ¥› ğŸŒ¾ ğŸ,Baker uses skillet eggs dairy wheat bake loaf
ğŸ· ğŸ¥ ğŸ¤ ğŸµ ğŸ§‘ ğŸº,Saxophone drum microphone music person drinks beer
ğŸ· ğŸ¥ ğŸ¤ ğŸµ ğŸ§‘ ğŸº,Band plays jazz instruments song guy has pint
ğŸƒ ğŸ›‘ ğŸ•°ï¸ ğŸ˜… ğŸ¥¤ ğŸ’¯,Run stop check time sweat drink water finish
ğŸƒ ğŸ›‘ ğŸ•°ï¸ ğŸ˜… ğŸ¥¤ ğŸ’¯,Race halt clock perspiration hydration win
ğŸ‘¶ ğŸ¥› ğŸ˜­ ğŸ ğŸ›Œ ğŸ’¤,Baby drinks milk cries gets toy bed sleep
ğŸ‘¶ ğŸ¥› ğŸ˜­ ğŸ ğŸ›Œ ğŸ’¤,Infant formula tears present crib nap
ğŸ‘¦ ğŸ‘§ ğŸ¤ ğŸ’‹ ğŸ’ ğŸ¡,Boy and girl meet kiss get ring live in house
ğŸ‘¦ ğŸ‘§ ğŸ¤ ğŸ’‹ ğŸ’ ğŸ¡,Couple shake hands romance propose marriage home
ğŸ¦¹ ğŸ¦ ğŸ’£ ğŸ’¸ ğŸ”‰ ğŸƒ,Robber at bank bomb money alarm runs
ğŸ¦¹ ğŸ¦ ğŸ’£ ğŸ’¸ ğŸ”‰ ğŸƒ,Thief heist explosive cash siren flee
ğŸ‘¨ ğŸšš ğŸ® ğŸ£ ğŸŒ½ ğŸ¥•,Farmer truck cow chick corn carrot
ğŸ‘¨ ğŸšš ğŸ® ğŸ£ ğŸŒ½ ğŸ¥•,Man drives transport cattle baby bird harvest veg
ğŸš¶ ğŸ« ğŸ¤« ğŸ“– ğŸ‘€ ğŸ’¡,Walk to school quiet read book look idea
ğŸš¶ ğŸ« ğŸ¤« ğŸ“– ğŸ‘€ ğŸ’¡,Go to library silence study observe learn
ğŸŒ§ï¸ ğŸ§¥ ğŸ  ğŸ¥› ğŸ“– ğŸ’º,Rain wear coat inside house milk book chair
ğŸŒ§ï¸ ğŸ§¥ ğŸ  ğŸ¥› ğŸ“– ğŸ’º,Storm jacket stay home drink read sit
ğŸ—» ğŸ§Š ğŸ§— ğŸ§¤ ğŸ§£ ğŸ¤•,Mountain ice climb gloves scarf hurt
ğŸ—» ğŸ§Š ğŸ§— ğŸ§¤ ğŸ§£ ğŸ¤•,Snowy peak glacier scaling wear warm gear injury
ğŸ§ ğŸ¶ âœ¨ ğŸ’µ ğŸ  ğŸ‘°,Genie from bottle magic money house bride
ğŸ§ ğŸ¶ âœ¨ ğŸ’µ ğŸ  ğŸ‘°,Spirit lamp grant wish wealth castle wife
ğŸ“œ ğŸšª ğŸš¶ ğŸ£ ğŸšš ğŸ ,Letter under door walk to post office truck to house
ğŸ“œ ğŸšª ğŸš¶ ğŸ£ ğŸšš ğŸ ,Document leave entrance go mail center delivery home
ğŸ˜¬ ğŸ¦· âš•ï¸ ğŸ§ª ğŸ˜¢ ğŸ§,Pain tooth doctor test cry treat
ğŸ˜¬ ğŸ¦· âš•ï¸ ğŸ§ª ğŸ˜¢ ğŸ§,Grimace dental medic exam tears sweet
ğŸ§º ğŸ¥ª ğŸ ğŸœ ğŸ˜± ğŸƒ,Basket sandwich apple ant scream run
ğŸ§º ğŸ¥ª ğŸ ğŸœ ğŸ˜± ğŸƒ,Picnic lunch fruit bug panic flee
ğŸ§™ ğŸ§¢ ğŸ€ ğŸ•Šï¸ âœ¨ ğŸ˜®,Wizard hat rat dove magic surprise
ğŸ§™ ğŸ§¢ ğŸ€ ğŸ•Šï¸ âœ¨ ğŸ˜®,Magician cap mouse bird sparkle wow
âš–ï¸ ğŸ¤µ ğŸ”§ ğŸ—£ï¸ ğŸ˜¡ ğŸ¢,Court suit fix speak angry jail
âš–ï¸ ğŸ¤µ ğŸ”§ ğŸ—£ï¸ ğŸ˜¡ ğŸ¢,Lawyer defense work argue rage prison
ğŸ¦ ğŸ§´ ğŸŒŠ ğŸ‘¨ ğŸ§£ ğŸ˜,Lion lotion water man towel cool
ğŸ¦ ğŸ§´ ğŸŒŠ ğŸ‘¨ ğŸ§£ ğŸ˜,Mane shampoo rinse guy dry off sunglasses
ğŸ… ğŸŒ² ğŸ ğŸŒ¨ï¸ ğŸ¦Œ ğŸ¥¨,Santa tree gift snow deer snack
ğŸ… ğŸŒ² ğŸ ğŸŒ¨ï¸ ğŸ¦Œ ğŸ¥¨,Claus evergreen present winter elk pretzel
ğŸ§Ÿ ğŸ§  ğŸ˜± ğŸƒ ğŸ  â›ï¸,Zombie wants brain scream run into house use pickaxe
ğŸ§Ÿ ğŸ§  ğŸ˜± ğŸƒ ğŸ  â›ï¸,Undead monster hunger panic escape home defend
ğŸ‘© ğŸ‘€ ğŸ§ª ğŸ”¬ ğŸ’¥ ğŸ˜±,Woman look test tube microscope boom scream
ğŸ‘© ğŸ‘€ ğŸ§ª ğŸ”¬ ğŸ’¥ ğŸ˜±,Scientist observe chemical lab explosion panic
ğŸ¤³ ğŸï¸ â˜€ï¸ ğŸ‘¨ ğŸ“œ ğŸ’µ,Selfie park sun man paper money
ğŸ¤³ ğŸï¸ â˜€ï¸ ğŸ‘¨ ğŸ“œ ğŸ’µ,Photo nature day guy document sell
ğŸƒ ğŸ§¼ ğŸŒŠ ğŸ§´ ğŸ§• ğŸ›Œ,Exercise soap water lotion towel bed
ğŸƒ ğŸ§¼ ğŸŒŠ ğŸ§´ ğŸ§• ğŸ›Œ,Run shower rinse skin care headwrap sleep
ğŸ•°ï¸ ğŸ“„ ğŸ§  ğŸ’¸ ğŸ˜  ğŸ˜±,Time paper brain money angry scream
ğŸ•°ï¸ ğŸ“„ ğŸ§  ğŸ’¸ ğŸ˜  ğŸ˜±,Deadline document think cost rage panic
â˜€ï¸ ğŸ¥µ ğŸ§Š ğŸ˜‹ ğŸ¥¶ ğŸ¦·,Sun hot ice yum cold tooth
â˜€ï¸ ğŸ¥µ ğŸ§Š ğŸ˜‹ ğŸ¥¶ ğŸ¦·,Heatwave sweat cube delicious freeze pain
ğŸ“  ğŸ“„ ğŸ•°ï¸ ğŸ¥› ğŸ˜  ğŸ ,Fax document time drink angry home
ğŸ“  ğŸ“„ ğŸ•°ï¸ ğŸ¥› ğŸ˜  ğŸ ,Office machine paper deadline milk rage leave
ğŸ¦ ğŸ‘€ ğŸ› ğŸŒ¿ ğŸ˜‹ ğŸŒ³,Bird sees worm on leaf eats it in tree
ğŸ¦ ğŸ‘€ ğŸ› ğŸŒ¿ ğŸ˜‹ ğŸŒ³,Avian spots caterpillar on plant delicious meal in forest
ğŸ‘¨ ğŸ¦® ğŸš¶ ğŸŒ³ ğŸŒ· ğŸ‘ƒ,Blind man with guide dog walks in nature smelling flowers
ğŸ‘¨ ğŸ¦® ğŸš¶ ğŸŒ³ ğŸŒ· ğŸ‘ƒ,Male uses service dog for walk in park scent of tulips
ğŸ¤° ğŸ‘¶ ğŸ¥› ğŸ ğŸ‘ª â¤ï¸,Pregnant mom feeds baby milk receives gift family love
ğŸ¤° ğŸ‘¶ ğŸ¥› ğŸ ğŸ‘ª â¤ï¸,Expectant mother nursing infant formula present parents heart
ğŸ¥¶ ğŸ”¥ ğŸ¥ƒ ğŸ§£ ğŸ§¤ ğŸ˜Š,Freezing cold fire drink whiskey scarf gloves happy
ğŸ¥¶ ğŸ”¥ ğŸ¥ƒ ğŸ§£ ğŸ§¤ ğŸ˜Š,Chilled heat up with alcohol warm clothes smile
ğŸ¤  ğŸ´ ğŸœï¸ â˜€ï¸ ğŸ¦ ğŸ¥ƒ,Cowboy on horse in desert sun sees lizard drinks whiskey
ğŸ¤  ğŸ´ ğŸœï¸ â˜€ï¸ ğŸ¦ ğŸ¥ƒ,Western rider pony arid heat reptile alcohol
ğŸ¦‰ ğŸŒƒ ğŸŒ² ğŸ€ ğŸ‘€ ğŸ¦…,Owl at night in tree sees rat with eyes eagle hunts
ğŸ¦‰ ğŸŒƒ ğŸŒ² ğŸ€ ğŸ‘€ ğŸ¦…,Nocturnal bird dark forest rodent vision predator
ğŸ§³ ğŸš† â›°ï¸ ğŸ¤³ ğŸ˜ ğŸ ,Pack bags take train to mountain selfie cool house
ğŸ§³ ğŸš† â›°ï¸ ğŸ¤³ ğŸ˜ ğŸ ,Luggage rail trip peak photo sunglasses home
ğŸ§œ ğŸŸ ğŸŒŠ ğŸ´ ğŸ¤´ â¤ï¸,Mermaid swims with fish in ocean eats with fork meets prince love
ğŸ§œ ğŸŸ ğŸŒŠ ğŸ´ ğŸ¤´ â¤ï¸,Sea creature seafood water dining royalty romance
ğŸ‘  ğŸ’‹ ğŸ’ƒ ğŸ· ğŸŒƒ ğŸš—,High heels kiss dancer wine night drive car
ğŸ‘  ğŸ’‹ ğŸ’ƒ ğŸ· ğŸŒƒ ğŸš—,Stilettos romance party drink evening vehicle
ğŸ“ ğŸ“œ ğŸ¥³ ğŸ« ğŸ‘¨ ğŸ‘©,Graduate with diploma party at school dad and mom
ğŸ“ ğŸ“œ ğŸ¥³ ğŸ« ğŸ‘¨ ğŸ‘©,Degree certificate celebration university father mother
ğŸ‘¨ ğŸ”§ ğŸš— ğŸ”© ğŸ›¢ï¸ ğŸ§°,Mechanic uses wrench on car screw oil drum toolbox
ğŸ‘¨ ğŸ”§ ğŸš— ğŸ”© ğŸ›¢ï¸ ğŸ§°,Repairman tool vehicle fastener fuel container kit
ğŸŒï¸ â˜ï¸ ğŸ¥… ğŸ¥¤ ğŸ¥ª ğŸ˜„,Golfer under clouds hits net drinks soda eats sandwich happy
ğŸŒï¸ â˜ï¸ ğŸ¥… ğŸ¥¤ ğŸ¥ª ğŸ˜„,Player overcast target beverage lunch smile
ğŸ—ï¸ ğŸšª ğŸ¥¡ ğŸšš ğŸ  ğŸ›Œ,Key opens door takeout food truck house sleep in bed
ğŸ—ï¸ ğŸšª ğŸ¥¡ ğŸšš ğŸ  ğŸ›Œ,Unlock entrance delivery box transport home nap
ğŸ•°ï¸ ğŸ“– ğŸ¤“ ğŸ’¡ ğŸ—’ï¸ ğŸ“,Time to read student has idea notes for graduation
ğŸ•°ï¸ ğŸ“– ğŸ¤“ ğŸ’¡ ğŸ—’ï¸ ğŸ“,Clock study smart person lightbulb notepad degree
ğŸ¤¢ ğŸ¤® ğŸ§» ğŸ›Œ ğŸ¤’ ğŸ’Š,Sick vomit use toilet paper rest in bed fever pill
ğŸ¤¢ ğŸ¤® ğŸ§» ğŸ›Œ ğŸ¤’ ğŸ’Š,Nausea throw up wipe rest temperature medicine
ğŸŒ¨ï¸ ğŸ¥¶ ğŸ§£ ğŸ§¤ ğŸ”¥ ğŸ ,Snow cold wear scarf gloves by fire house
ğŸŒ¨ï¸ ğŸ¥¶ ğŸ§£ ğŸ§¤ ğŸ”¥ ğŸ ,Winter freeze warm clothes hearth home
ğŸ‘¨ ğŸ³ ğŸ¥˜ ğŸ§‚ ğŸ¥£ ğŸ˜‹,Man cooks in pan adds salt to bowl yum
ğŸ‘¨ ğŸ³ ğŸ¥˜ ğŸ§‚ ğŸ¥£ ğŸ˜‹,Male chef skillet meal seasoning dish delicious
ğŸ‘¨ ğŸš’ ğŸ”¥ ğŸŒŠ ğŸ± ğŸ©,Fireman in truck fights fire with water saves cat hospital
ğŸ‘¨ ğŸš’ ğŸ”¥ ğŸŒŠ ğŸ± ğŸ©,Rescuer vehicle flame hose pet clinic
ğŸ„ ğŸŒŠ â˜€ï¸ ğŸ¦ˆ ğŸ˜± ğŸŠ,Surfer on wave sun sees shark scream swim away
ğŸ„ ğŸŒŠ â˜€ï¸ ğŸ¦ˆ ğŸ˜± ğŸŠ,Boarding ocean heat predator panic paddle
âœˆï¸ ğŸ’º ğŸ¥¤ â˜ï¸ ğŸ§³ ğŸ˜´,Fly plane sit in seat drink soda clouds luggage sleep
âœˆï¸ ğŸ’º ğŸ¥¤ â˜ï¸ ğŸ§³ ğŸ˜´,Air travel chair beverage sky bag nap
ğŸŒ² ğŸ”¥ ğŸŒƒ ğŸ¦‰ ğŸ‘€ ğŸ˜´,Forest fire at night owl watches with eyes sleep
ğŸŒ² ğŸ”¥ ğŸŒƒ ğŸ¦‰ ğŸ‘€ ğŸ˜´,Woods burning dark bird vision rest
ğŸ“» ğŸµ ğŸ’ƒ ğŸº ğŸ”Š ğŸ¤©,Radio plays music dance drink beer loud sound star
ğŸ“» ğŸµ ğŸ’ƒ ğŸº ğŸ”Š ğŸ¤©,Broadcast song party brew noise excited
ğŸ§€ ğŸ· ğŸ¥– ğŸ ğŸ˜‹ ğŸŒ³,Cheese and wine with baguette apple yum under tree
ğŸ§€ ğŸ· ğŸ¥– ğŸ ğŸ˜‹ ğŸŒ³,Dairy alcohol bread fruit delicious nature
ğŸ› ğŸ•¸ï¸ ğŸ˜± ğŸ§¹ ğŸƒ ğŸ ,Caterpillar on web scream broom run house
ğŸ› ğŸ•¸ï¸ ğŸ˜± ğŸ§¹ ğŸƒ ğŸ ,Bug cobweb panic sweep flee home
ğŸƒ ğŸ§¼ ğŸ§´ ğŸ§» ğŸ‘š ğŸ‘—,Exercise run wash with soap lotion toilet paper shirt dress
ğŸƒ ğŸ§¼ ğŸ§´ ğŸ§» ğŸ‘š ğŸ‘—,Jog clean skin care wipe clothes outfit
ğŸŒ® ğŸ¥‘ ğŸŒ½ ğŸ¥¤ ğŸ¥£ ğŸ˜‹,Taco avocado corn drink bowl yum
ğŸŒ® ğŸ¥‘ ğŸŒ½ ğŸ¥¤ ğŸ¥£ ğŸ˜‹,Mexican food guacamole maize beverage dish tasty
ğŸ§Š ğŸ¥… ğŸ¤• ğŸ© ğŸ’Š ğŸ›Œ,Ice hockey net injury hospital pill bed
ğŸ§Š ğŸ¥… ğŸ¤• ğŸ© ğŸ’Š ğŸ›Œ,Frozen sport goal hurt clinic medicine rest
ğŸŒ³ ğŸŒ§ï¸ â˜€ï¸ ğŸŒ¿ ğŸŒ· ğŸ¦‹,Tree needs rain and sun plants flower butterfly
ğŸŒ³ ğŸŒ§ï¸ â˜€ï¸ ğŸŒ¿ ğŸŒ· ğŸ¦‹,Forest water heat green growth bloom insect
ğŸš¶ ğŸ« ğŸ’¼ ğŸ“– ğŸ ğŸ‘©,Walk to school carry bag read book eat apple woman
ğŸš¶ ğŸ« ğŸ’¼ ğŸ“– ğŸ ğŸ‘©,Go to class briefcase study fruit female
â›ï¸ ğŸ”§ ğŸ  ğŸ”© ğŸšš ğŸ‘¨,Pickaxe and wrench fix house screw truck man
â›ï¸ ğŸ”§ ğŸ  ğŸ”© ğŸšš ğŸ‘¨,Tool repair home fastener transport worker
ğŸ¦¹ ğŸ’£ ğŸ¦ ğŸ’µ ğŸ”Š ğŸƒ,Villain with bomb rob bank money loud sound run
ğŸ¦¹ ğŸ’£ ğŸ¦ ğŸ’µ ğŸ”Š ğŸƒ,Criminal explosive finance cash siren escape
ğŸš£ ğŸŸ ğŸŒŠ ğŸ¥ª ğŸ”¥ ğŸ³,Row boat catch fish wave eat sandwich fire pan
ğŸš£ ğŸŸ ğŸŒŠ ğŸ¥ª ğŸ”¥ ğŸ³,Paddle marine life water lunch cook skillet
ğŸ“œ â¤ï¸ ğŸ’ ğŸ¤ ğŸ¡ ğŸ””,Scroll of love ring handshake home bell
ğŸ“œ â¤ï¸ ğŸ’ ğŸ¤ ğŸ¡ ğŸ””,Love letter marriage proposal agreement house chime
ğŸ‹ï¸ ğŸ˜… ğŸ’ª ğŸ§¼ ğŸ¥¤ ğŸ¥—,Weightlifter sweat muscle soap drink salad
ğŸ‹ï¸ ğŸ˜… ğŸ’ª ğŸ§¼ ğŸ¥¤ ğŸ¥—,Gym exercise perspiration strength clean soda greens
ğŸ§Ÿ ğŸ§  ğŸ  ğŸ˜± â›ï¸ ğŸ¦´,Zombie wants brain house scream pickaxe bone
ğŸ§Ÿ ğŸ§  ğŸ  ğŸ˜± â›ï¸ ğŸ¦´,Undead hunger home panic tool skeleton
ğŸ¤³ ğŸ’ƒ ğŸ‘— ğŸ‘  ğŸ‘„ âœ¨,Selfie dance dress heels lips sparkle
ğŸ¤³ ğŸ’ƒ ğŸ‘— ğŸ‘  ğŸ‘„ âœ¨,Photo party gown shoes mouth shine
ğŸ¢ ğŸ“  ğŸ˜´ ğŸ¥› ğŸ›Œ ğŸ’¤,Office building fax machine sleep drink milk bed nap
ğŸ¢ ğŸ“  ğŸ˜´ ğŸ¥› ğŸ›Œ ğŸ’¤,Workplace technology tired dairy rest snooze
ğŸ¤• ğŸ© âš•ï¸ ğŸ˜· ğŸ’Š ğŸ›Œ,Injury hospital medic mask pill bed
ğŸ¤• ğŸ© âš•ï¸ ğŸ˜· ğŸ’Š ğŸ›Œ,Wound clinic doctor protection medicine rest
ğŸš¶ ğŸŒ³ ğŸ¥œ ğŸ¦… â˜€ï¸ ğŸ˜Š,Walk in woods peanut for eagle sun smile
ğŸš¶ ğŸŒ³ ğŸ¥œ ğŸ¦… â˜€ï¸ ğŸ˜Š,Hike nature nut bird heat happy
ğŸ ğŸ¥š ğŸ³ ğŸ¥› ğŸ ğŸ˜‹,Bread egg pan milk apple yum
ğŸ ğŸ¥š ğŸ³ ğŸ¥› ğŸ ğŸ˜‹,Toast breakfast cook dairy fruit tasty
ğŸ¥ ğŸ§¢ ğŸ™ï¸ ğŸ¥ª ğŸ¥¤ ğŸ‘,Softball cap city sandwich drink clap
ğŸ¥ ğŸ§¢ ğŸ™ï¸ ğŸ¥ª ğŸ¥¤ ğŸ‘,Sport hat urban lunch soda cheer
ğŸŒ§ï¸ ğŸ  ğŸ’º ğŸ“– ğŸ¥› ğŸ±,Rain outside house sit in seat read book drink milk cat
ğŸŒ§ï¸ ğŸ  ğŸ’º ğŸ“– ğŸ¥› ğŸ±,Storm home chair study dairy pet
ğŸ¦• ğŸ¦– ğŸ”¥ â˜ï¸ ğŸ¦´ ğŸ˜µ,Dinosaur fire cloud bone dead
ğŸ¦• ğŸ¦– ğŸ”¥ â˜ï¸ ğŸ¦´ ğŸ˜µ,Prehistoric meteor smoke skeleton die
ğŸ§› ğŸ  ğŸ· ğŸ›Œ ğŸšª ğŸŒƒ,Vampire at home drinks wine sleeps in bed behind door at night
ğŸ§› ğŸ  ğŸ· ğŸ›Œ ğŸšª ğŸŒƒ,Dracula mansion beverage rest entrance dark
ğŸ¢ ğŸ’¨ ğŸ˜· ğŸ¤§ ğŸ¤’ ğŸ©,Office air pollution mask sneeze fever hospital
ğŸ¢ ğŸ’¨ ğŸ˜· ğŸ¤§ ğŸ¤’ ğŸ©,Building smoke protection cold sick clinic
ğŸ§™ ğŸ¥£ ğŸ¸ âœ¨ ğŸ‘° ğŸ€,Wizard makes bowl potion frog magic bride rat
ğŸ§™ ğŸ¥£ ğŸ¸ âœ¨ ğŸ‘° ğŸ€,Sorcerer soup amphibian spell wife rodent
ğŸï¸ ğŸŸ ğŸŒŠ ğŸŠ ğŸš£ â˜€ï¸,Island fish wave swim boat sun
ğŸï¸ ğŸŸ ğŸŒŠ ğŸŠ ğŸš£ â˜€ï¸,Beach marine life water dip vessel heat
ğŸ§— â›°ï¸ ğŸ ğŸ¦… ğŸ¤³ ğŸ¥ª,Climb mountain goat eagle selfie sandwich
ğŸ§— â›°ï¸ ğŸ ğŸ¦… ğŸ¤³ ğŸ¥ª,Scale peak animal bird photo lunch
ğŸ§™ ğŸ“œ ğŸ  âœ¨ ğŸ¦‰ ğŸŒƒ,Wizard reads scroll at house magic owl night
ğŸ§™ ğŸ“œ ğŸ  âœ¨ ğŸ¦‰ ğŸŒƒ,Mage document home spell bird dark
ğŸ§ ğŸ ğŸ¥› ğŸ˜‹ ğŸ¥¯ ğŸ¥,Cupcake apple milk delicious bagel croissant
ğŸ§ ğŸ ğŸ¥› ğŸ˜‹ ğŸ¥¯ ğŸ¥,Sweet treat fruit dairy tasty bread pastry
